,Gross Revenue ($),COGS ($),Profit ($)
site_1,24216.92639999999,15498.832895999996,8718.093503999997
site_2,30770.064000000002,19077.439680000003,11692.62432
site_3,4600.3744799999995,2576.2097088000005,2024.1647712
site_5,23873.204159999998,15517.582703999999,8355.621455999999
site_6,70.88255999999986,36.150105599999925,34.73245439999993
